<Ui xmlns="http://www.blizzard.com/wow/ui/">
	<Script file='datatexts.lua'/>
	<Script file='armor.lua'/>
	<Script file='attackpower.lua'/>
	<Script file='avoidance.lua'/>
	<Script file='bags.lua'/>
	<Script file='battleground.lua'/>
	<Script file='calltoarms.lua'/>
	<Script file='combattime.lua'/>
	<Script file='coordinates.lua'/>
	<Script file='crit.lua'/>
	<Script file='dps.lua'/>
	<Script file='durability.lua'/>
	<Script file='elvuiconfig.lua'/>
	<Script file='friends.lua'/>
	<Script file='garrison.lua'/>
	<Script file='gold.lua'/>
	<Script file='guild.lua'/>
	<Script file='haste.lua'/>
	<Script file='hps.lua'/>
	<Script file='leech.lua'/>
	<Script file='mastery.lua'/>
	<Script file='orderhall.lua'/>
	<Script file='regen.lua'/>
	<Script file='specswitch.lua'/>
	<Script file='speed.lua'/>
	<Script file='spellpower.lua'/>
	<Script file='system.lua'/>
	<Script file='time.lua'/>
	<Script file='versatility.lua'/>
	<Script file='movementspeed.lua'/>
	<Script file='Currencies.lua'/>
	<Script file='CustomCurrency.lua'/>
</Ui>