<Ui xmlns="http://www.blizzard.com/wow/ui/" xmlns:xsi="http://www.w3.org/2001/XMLSchema-instance" xsi:schemaLocation="http://www.blizzard.com/wow/ui/
..\FrameXML\UI.xsd">
    <!--@no-lib-strip@-->
    <Script file="Libs\LibStub\LibStub.lua"/>
    <Include file="Libs\CallbackHandler-1.0\CallbackHandler-1.0.xml"/>
    <Include file="Libs\LibSharedMedia-3.0\lib.xml"/>
    <Include file="Libs\LibTextDump-1.0\lib.xml"/>
    <Include file="Libs\LibDialog-1.0\lib.xml"/>
    <Include file="Libs\LibToast-1.0\lib.xml"/>
    <Include file="Libs\AceAddon-3.0\AceAddon-3.0.xml"/>
    <Include file="Libs\AceGUI-3.0\AceGUI-3.0.xml"/>
    <Include file="Libs\AceGUI-3.0-SharedMediaWidgets\widget.xml"/>
    <Include file="Libs\AceConfig-3.0\AceConfig-3.0.xml"/>
    <Include file="Libs\AceEvent-3.0\AceEvent-3.0.xml"/>
    <Include file="Libs\AceBucket-3.0\AceBucket-3.0.xml"/>
    <Include file="Libs\AceDB-3.0\AceDB-3.0.xml"/>
    <Include file="Libs\AceDBOptions-3.0\AceDBOptions-3.0.xml"/>
    <Include file="Libs\AceTimer-3.0\AceTimer-3.0.xml"/>
    <Include file="Libs\AceConsole-3.0\AceConsole-3.0.xml"/>
    <Include file="Libs\AceLocale-3.0\AceLocale-3.0.xml"/>
    <Include file="Libs\LibSink-2.0\lib.xml"/>
    <Script file="Libs\LibWindow-1.1\LibWindow-1.1.lua"/>
    <Script file="Libs\HereBeDragons-1.0\HereBeDragons-1.0.lua"/>
    <!--@end-no-lib-strip@-->
</Ui>
