<Ui xmlns="http://www.blizzard.com/wow/ui/" xmlns:xsi="http://www.w3.org/2001/XMLSchema-instance" xsi:schemaLocation="http://www.blizzard.com/wow/ui/
..\FrameXML\UI.xsd">

    <!--@non-debug@-->
    <Script file="deDE.lua"/>
    <Script file="enUS.lua"/>
    <Script file="esES.lua"/>
    <Script file="esMX.lua"/>
    <Script file="frFR.lua"/>
    <Script file="itIT.lua"/>
    <Script file="koKR.lua"/>
    <Script file="ptBR.lua"/>
    <Script file="ruRU.lua"/>
    <Script file="zhTW.lua"/>
    <Script file="esES.lua"/>
    <Script file="esES.lua"/>
<!--    @end-non-debug@-->

    <!--@debug@
    <Script file="devel-enUS.lua"/>
    @end-debug@-->


</Ui>
